name,address,country
Gerbera Music Agency株式会社,"神田神保町２丁目１１−１５, 住友商事神保町ビル 2階 千代田区 101-0051",JPN
ダイレクト出版株式会社,"中央区安土町２丁目３番１３号, 大阪国際ビルディング １３F 大阪市 541-0052",JPN
株式会社つくもメディカル,緑区あすみが丘８丁目2−２ 千葉市 267-0066,JPN
株式会社デジタルゴリラ,"青葉区中央２丁目２−３０, 日興ビル 4F 仙台市 980-0021",JPN
ペイフォワード株式会社,"栄町３丁目36−１１, 武蔵野サンハイツ久米川 213 東村山市 189-0013",JPN
株式会社YAGO,"三田２丁目１４−５, 610 港区 108-0073",JPN
合同会社コモダス,"梅田1-1-3, 大阪駅前第3ビル 29階 1-1-1号室 大阪市北区 5300001",JPN
キャレット合同会社,"新宿２丁目５−５, 新宿土地建物第11ビル ４F 新宿区 160-0022",JPN
Tomatalk株式会社,"神宮前６丁目２３番４号, 桑野ビル ２階 渋谷区 150-0001",JPN
株式会社SIVA,"京橋３丁目６−１８, 東京建物京橋ビル 2F 中央区 104-0031",JPN
株式会社ハロー,"代官山町１−６, 広田代官山ビル 7F 渋谷区 150-0034",JPN
デザインオトコシ株式会社,"中央区徳井町１丁目１−６, 新居ビル 202 大阪市 540-0025",JPN
株式会社プレジャーデサイン,"日本橋本町３丁目１−６, 日本橋永谷ビル 204号室 中央区 103-0023",JPN
株式会社ラリーズ,"春日１丁目５−３, 春日タウンホーム 1階C号室 文京区 112-0003",JPN
株式会社日本ブレイス,"二番町１１−３, 相互二番町ビルディング別館 7階 千代田区 102-0084",JPN
株式会社ＦＡＮ ＯＵＴ,"内神田２丁目８−８, 中央ビル 1F 千代田区 101-0047",JPN
株式会社きびだんご,北区吉備津１４８１ 岡山市 701-1341,JPN
株式会社 イーエックス・パートナーズ,"神宮前４丁目３−１５, 東京セントラル表参道 421 渋谷区 150-0001",JPN
カシオ計算機株式会社,本町１丁目６番２号 渋谷区 151-8543,JPN
株式会社ゴリラテ,"銀座６丁目２−３, Daiwa銀座アネックス 5F 中央区 104-0061",JPN
株式会社サイバード,"猿楽町１０−１, マンサード代官山 渋谷区 150-0033",JPN
オアシス一宮店,一宮３丁目３−１４ 一宮市 491-0858,JPN
行政書士YTRディア法務事務所,富士見２丁目１６−２４ 鶴ヶ島市 350-2201,JPN
AZUシステム,生野区勝山南２丁目２−２２ 大阪市 544-0021,JPN
かすがい皮膚科,東梅坪町９丁目８番地３ 豊田市 471-0071,JPN
Công Ty Cổ Phần Truyền Thông Sáng Tạo LemonSea,"Số nhà 78 Ngõ 13 Khuất Duy Tiến, Phường Thanh Xuân Bắc, Quận Thanh Xuân, Hà Nội Hà Nội 100000",VNM
3MUS SERVICES AND COMMUNICATIONS COMPANY LIMITED,"17B, 58/1 Trần Vỹ, Mai Dịch, Cau Giay Ha Noi 80000",VNM
CÔNG TY CP TÂN VIỆT,"452 Đường Lý Thường Kiệt, Phường Thị Cầu Bắc Ninh 16000",VNM
Công Ty Tư Vấn Môi Trường Đô Thị Sài Gòn,"18 Đường D2, Phường 25 Bình Thạnh 70000",VNM
CÔNG TY TNHH DỊCH VỤ BẢO VỆ AN NINH TOÀN THẮNG,"Tổ 8, Thôn Phước Tấn, Xã Tân Hòa, Thị xã Phú Mỹ, Tỉnh Bà Rịa -Vũng tàu, Việt Nam Phú Mỹ",VNM
Công ty cổ phần công nghệ du lịch BestPrice,"Tầng 1, Số 57 Trần Quốc Toản, Phường Trần Hưng Đạo, Quận Hoàn Kiếm, Thành phố Hà Nội, Việt Nam Hà Nội 100000",VNM
Innotech Vietnam Corporation,"33 Ba Vì, Phường 4, Quận Tân Bình Hồ Chí Minh 700000",VNM
Công ty cổ phần Dược phẩm Medstand,"Số 18 ngõ 250 Nguyễn Xiển, Hạ Đình, Thanh Xuân, Hà Nội Hà Nội 100000",VNM
CÔNG TY TNHH TRUYỀN THÔNG VÀ QUẢNG CÁO MẶT TRỜI,"4/9 Bạch Đằng, Phường 24, Quận Bình Thạnh Hồ Chi Minh 700000",VNM
Công ty cổ phần xuất nhập khẩu thương mại và đầu tư sản xuất Tâm Việt,"số 10 ngõ 63 phố Bình Khang, phường Ninh Khánh, thành phố Ninh Bình, tỉnh Ninh Bình, Việt Nam ninh binh 430000",VNM
Công Ty TNHH Dịch Vụ Bảo Vệ Thái Long Sài Gòn,"43 Đường 84 Cao Lổ, Phường 4, Quận 8 Hồ Chí Minh 700000",VNM
CÔNG TY CỔ PHẦN CÔNG NGHỆ DATALYTIS,"Lầu 1, H3 Building, 384 Hoàng Diệu Hồ Chí Minh 700000",VNM
HAI DAT HTC TRANSPORT SERVICE COMPANY LIMITED,"Thôn An Đồng, Xã Quỳnh Hoàng, Huyện Quỳnh Phụ Tỉnh Thái Bình 410000",VNM
CÔNG TY TNHH TRUNG TÂM TƯ VẤN LÁI XE AN NINH,"29/145 Tổ 17, Khu Phố 3, Phường Tân Mai, Thành phố Biên Hoà, Tỉnh Đồng Nai, Việt Nam Biên Hoà 76000",VNM
"Bumbii Technology Co., Ltd","32/8 Street No. 12, Truong Tho Ward Thu Duc 700000",VNM
CÔNG TY CỔ PHẦN PHÁT TRIỂN CÔNG NGHIỆ SÀI GÒN WEB,"38/28 Đường HT37, Phường Hiệp Thành Quận 12 700000",VNM
Nguyễn Thị Kim Loan,"44 Đường số 2, KCN Sóng Thần, An Bình, Dĩ An, Bình Dương Dĩ An 820000",VNM
Tạ Nguyên Ngọc,"Mỹ Thành, Mỹ Lộc, Thôn Phấn Đài Nam Định 420000",VNM
CÔNG TY TNHH GIẢI PHÁP CÔNG NGHỆ EASY ALO,566 Nguyễn Thái Sơn Gò Vấp,VNM
Hộ kinh doanh Nguyễn Thanh Tùng,"Khu 5, Xã Hiền Lương, Huyện Hạ Hòa Việt Trì 35000",VNM
Báo Công Thương,"655 Phạm Văn Đồng, Bắc Từ Liêm, Hà Nội, Tầng 10,11 tòa nhà làm việc Bộ Công Thương Hà Nội 100000",VNM
NGUYỄN KIM NGÂN,"Số 504, QL1 Phường 4, Tân An, Long An Số 504, QL1 Phường 4, Tân An, Long An 81000",VNM
CÔNG TY CỔ PHẦN ĐẦU TƯ ĐỊA ỐC WORLD LAND,"Số 30A3, đường Trần Văn Trà, KDC Hưng Phú 1, Phường Hưng Phú, Quận Cái Răng, Thành phố Cần Thơ, Việt Nam, ( Vui lòng liên hệ 0789 196 916 - Chúng tôi có gửi phí ) Cần Thơ 900930",VNM
Cty CP Vận Tải & DVDL Thuận Thành,36 Ngô Gia Tự Đà Nẵng 550000,VNM
Đồ tốt 247,"Đường Trần Phú, Tổ dân phố Nam Viêm, phường Nam Viêm, Thành phố Phúc Yên, tỉnh Vĩnh Phúc, Đường Trần Phú, Tổ dân phố Nam Viêm, phường Nam Viêm, Thành phố Phúc Yên, tỉnh Vĩnh Phúc Phúc Yên 280000",VNM
MosaCrea Limited,"Bayfield Building, 2301, 23F, 99 Hennessy Rd 灣仔",HKG
Broaden Limited,"30 SHING YIP STREET,, Unit 2, 9/F, WINFUL CENTRE, 觀塘",HKG
JYF INTERNATIONAL,"MS06, 13A/F., South Tower, World Finance Centre, Harbour City, 17 Canton Road 大潭",HKG
Q P Printing Limited,"21/F, Kings Wing Plaza 2, No. 1 On Kwan Street, Shek Mun 沙田",HKG
E-Buy Global Limited,"16/F, 9 Wing Hong Street 長沙灣",HKG
Inform Advertising Company Limited,"Unit A:1069-1071, 10/F., New East Sun Ind Bldg,, 18 Shing Yip Street Street, 觀塘",HKG
TAKUMIYA HOMPO LTD,"建榮街, 建榮商業大廈, 2樓219 屯門",HKG
Polette Ltd,"26 F, 39 Queen's Road Central 中環",HKG
BACO. Group Ltd.,"5 Canton Road, Ocean Centre, Harbour City,, Suite 1126, 11th Floor, 尖沙咀",HKG
something big technology company limited,RM 1501 15/F PROSPERITY TWR 39 QUEEN'S RD CENTRAL HK 上環,HKG
Opportunity Hong Kong Limited,"Woon Lee Commercial Building, 7-9 Austin Avenue 尖沙咀",HKG
Rocketbots Limited,"Room 702 7/F, Fu Fai Commercial Centre, 27 Hiller St 上環",HKG
Electropolis LTD,"Room No.1003, 10th Floor, 1st Building,, Lipper Center, No. 89 Queensway 金鐘",HKG
GS1 Hong Kong Limited,160 Gloucester Rd 灣仔,HKG
NS Technology Limited,"Office G, 37/F, COS Centre, 56 Tsun Yip Street, Kwun Tong, Hong Kong",HKG
Television Broadcasts Limited,"19/F, Leighton Ctr, 77 Leighton Rd",HKG
Willing Media Company Limited,"德輔道中84-86號, 章記大廈12樓全層 中環",HKG
Trend Shopping Global Ltd.,"Unit A, 14/F., Hua Chiao Commercial Centre,No.678 Nathan Road 旺角",HKG
Trade Anywhere Ltd,"Unit A, 5/F, V Ga Building, 532 Castle Peak Road 荔枝角",HKG
Hong Kong Internet Registration Corporation Limited,"Cyberport Road, 3, 100號 Unit 501, Level 5, Core C, Cyberport 薄扶林",HKG
30 Second Explainer Videos Ltd,"30 Second Explainer Videos Ltd, Room 701, On Lok Yuen Building, 中環",HKG
Hongkong youzhiyou Technology Holdings Limited,"UNIT 3A-8,12/F KAISER CTR NO18 CENTRE ST SAI YING PUN HONG KONG",HKG
"Hong Kong Ke Mo software Co., Limited","9/F., MW Tower, No. 111 Bonham Strand 上環",HKG
"Hong Kong Ke Mo software Co., Limited","9/F., MW Tower, No.111 Bonham Strand 上環",HKG
唐足,"荷李活道29號, 地庫 中環",HKG
PLURIA S.A.S.,"CL 59, A BIS 5 13 AP 303 Bogotá, D.C. 145100",COL
MAREAUTO COLOMBIA SAS,"Calle 98 #7091, Piso 14 Bogotá 111121",COL
Creativa Publicidad de Colombia SAS,"Calle 28 Sur No. 51 39, Cundinamarca Bogota 111621",COL
INVERSIONES SPERO SAS,"Calle 145 #19-38, Oficina 304 Bogotá 110121",COL
LUISA CHIMA SAS,CR 80C 19A 12 - cr 80c 19a 14 Medellin,COL
Espitaleta Espitaleta Liliana del Carmen,CARRERA 4 # 47-20 MARBELLA EDIF MARBELLA 47 APTO 1109 Cartagena de Indias 130001,COL
MOSQUERA MARIN JHON ALEXANDER,"Calle 49 D D No. 81 C 65, MEdellin medellin 50022",COL
Gran Panda SAS,Carrera 8 #95-33 Bogotá 110221,COL
YR MUSIC,"Carrera 16 #7920, OF 215 Bogotá 111051",COL
aproelec,cra 27 7 42 bogota 111000,COL
JENNIFER VERA,"Calle 134 #7-83, CS 332 Bogotá 110121",COL
Juan Felipe Rodríguez Gómez,CR 14 # 70 B 21 SUR Bogotá 80411,COL
Juan Carlos Guzman Chaves,"Carrera 21A 12-36, Risaralda Dosquebradas 661001",COL
IMAGENES DIAGNOSTICAS TEUSA S.A.S.,"CR 24 53 73, LC 217 218 219 CC PLAZA 54 Bogotá 111131",COL
Camila Andrea Cuellar Bejarano,"Calle 69 #5-32, 501 Bogotá 110221",COL
RED FORESTAL SAS,"Calle 6c #82a-57, Torre 3 Apartamento 808 Bogotá 110821",COL
SEX ON,"Calle 35 # 36 - 21, Torre 1, Apto 403 Florida del Country Floridablanca 681002",COL
Lanny Zerpa,"Carrera 105 #645, Apartamento 202 Bogotá 111041",COL
TecniServ,"Caracoles mz 73 lt 18, LOCAL 201 Cartagena de Indias 130015",COL
LOGYCA / ASOCIACIÓN,"Avenida El Dorado 92 – 32 Modulo, Módulo 5, piso 5 Bogotá 111071",COL
MAMRE PROMOTORA DE SEGUROS Y SERVICIOS INMOBILIARIOS LIMITADA,"Carrera 54 #106-18, OFI 213 Bogotá 111111",COL
Inversiones Garcia & Garcias S.A.S,Lote 2 Vereda El Pilón Girón 687541,COL
Jeisson Fernandez Miranda,CALLE 48 A #3A2-9 BARRANQUILLA 80020,COL
Doomo Online,"Carrera 100 #23h-83, Casa 8 Bogotá 110911",COL
MG FAST PLOTTER SAS,Carrera 8c #1616 Bogotá 110131,COL
ТОВ «МЕЖИРІЧЕНСЬКИЙ ГЗК»,"вул. Шевченка, 1-А смт. Іршанськ 12110",UKR
"ТОВ ВП МАРІО""""","Сосонське шосе, 4-В Літин 22300",UKR
ТОВ АЛТЕК,"вулиця Саксаганського, 26/26 Київ 1033",UKR
ЕЗРА КОНСАЛТИНГ ГРУП,"ул. Курчатова, 10, оф. 621 Днепр 49038",UKR
ТОВ «МЕЖИРІЧЕНСЬКИЙ ГЗК»,"вул. Шевченка, 1-А смт. Іршанськ 12110",UKR
ТОВ “АЙЛАІН”,"вул.Пушиної Феодори, будинок 30/32, поверх 4 Київ 3115",UKR
ТОВ !ФЕСТ КОФІ МІШН,"Горбачевського, 15 Львів 79044",UKR
ТОВ «МІ СЕРВІС»,"вул. Дегтярівська, буд. 49, к. 27 Київ 3113",UKR
ТОВ Техніка,Єременко буд.2 кв.18 Новоград-Волинський 11708,UKR
Блеск,Янтарна 32/2 Дніпро 49024,UKR
"ТОВ Прінцес Даймонд""""","вул. Вадима Гетьмана, 1 Київ 3057",UKR
"ТОВ Леонтьев""""","Чоколівський бульвар, 27 Київ 2000",UKR
ТОВ «ВІКЛІН»,"вул. Бутлерова Академіка, будинок 1 Київ 2090",UKR
"ТОВАРИСТВО З ОБМЕЖЕНОЮ ВІДПОВІДАЛЬНІСТЮ ВЕБПРОМО""""","вул.Прирічна,, буд. 1А,кв.60 м.Київ 4213",UKR
"ОВАРИСТВО З ОБМЕЖЕНОЮ ВІДПОВІДАЛЬНІСТЮ Грін Го""""","вул.Молодогвардійська,32 Київ 3151",UKR
"ТОВ АЙ ПЛЕЙС ДІДЖИТАЛ""""","Вулиця Болсуновська, будинок 8 Київ 1014",UKR
"ТЕХБУДМЕХАНІКА, ТОВ","м. Київ, вул. Кудряшова, 3а м. Київ 3035",UKR
"ТОВАРИСТВО З ОБМЕЖЕНОЮ ВІДПОВІДАЛЬНІСТЮ МАРКЕТИНГОВЕ АГЕНТСТВО ""СЕЙЛЗ АП""""",Військбуд 99 Запоріжжя 69061,UKR
Товариство з обмеженою відповідальністю “ПРИВАТ КЛІНІК”,"ул. Дарвина, 8/10 Харьков 61002",UKR
"Приватне підприємство ТРІА""""","Повітрофлотський проспект, 47 Київ 3151",UKR
Товариство з обмеженою відповідальністю «ТіБіДабл’юЕй Україна»,"вулиця Рибальська, 22 Київ 1011",UKR
"ДП «ССМ», Філія «Старком» ДП «ССМ»","вул. Лейпцизька, 15 Київ 1015",UKR
Бизнес-тренер Людмила Пенцак,"просп. Молодежи 11, 25 Луцк 43000",UKR
"ТОВ ВКФ СПЕЦПРОМ-КР""""","вул. Комерційна, буд. 6,, кв.18 Кривий Ріг 50000",UKR
"ТОВ ОСА-ГО.ЮА""""","проспект Академіка Глушка, 29 Одеса 65104",UKR
Xfers Indonesia Teknologi,"Jl. DR Ide Anak Agung Gde Agung, Kuningan Timur, Setiabudi, Menara Prima Jakarta Selatan 12950",IDN
PT Komunitas Karya Transformasi,"Jl. Daan Mogon No. 6, Wijaya Kusuma, Grogol, Petamburan, Jakarta Barat, DKI Jakarta, Gedung IKM Lt. 3 JAKARTA BARAT 11850",IDN
PT TERRA ASRI INDONESIA,"Jl Dr Ide Anak Gde Agung Lot D, #17-07 World Capital Tower Jakarta 12950",IDN
PT Integrasi Pemikiran Investasi,"Jl. Wahid Hasyim No.10D, Domisili.id Jakarta Pusat 10340",IDN
PT. Widodo Makmur Perkasa,"Graha Widodo Makmur, Jl Raya Cilangkap No 58 RT 7 RW 3, Cipayung Jakarta Timur 13870",IDN
PT Oasis Waters International,Jalan Rawa Sumur Barat No. 1 Kawasan Industri Pulo Gadung Jakarta Timur 11050,IDN
PT Smart Sinergi Indonesia,"Jalan Jetis, Karyorejan Nomor 9 RT. 000 RW Wedomartani, Ngemplak Kab. Sleman 55571",IDN
PT. Limajari Interbhuana,Jalan Raya Kerobokan 100x Kerobokan 80361,IDN
PT FEEDLOOP GLOBAL TEKNOLOGI,Jl Karang Tinggal no 31 Bandung 40162,IDN
PT Kubus Inovasi Agranara,"Jalan Ir. H. Juanda 48, Citarum, Bandung Wetan, Citarum Bandung Wetan, Citarum, Bandung Wetan Bandung 40115",IDN
PT. GINTA JASMININDO LOGISTICS,Jl. Terusan Bung Hatta Monjok Mataram 83122,IDN
PT Seatech Infosys,"MENARA KADIN JL.HR RASUNA SAID BLK NO.X-5 KAV 2-3 KUNINGAN TIMUR, SETIABUDI, Kel. Kuningan Timur, Kec. Setiabudi, LT.18 UNIT BCD Jakarta Selatan 12950",IDN
PT. Mobil Satu Asia,"Wisma Mampang, 5th Floor, Jln. Mampang Prapatan No. 1 Jakarta Selatan 12790",IDN
PT Media Pemersatu Nusantara,"Jalan Raya Cirendeu 5b, Ruko Autos Tangerang Selatan 15419",IDN
PT. MENARA SINAR TIMUR,"Jl. Raya Dadap No. 24, Kel. Dadap Kec. Kosambi Kab. Tangerang 15211",IDN
Trans Avia,"Jl. Basuki Rahmat No. 80, Kelurahan Jajar, Kecamatan Laweyan Surakarta 57144",IDN
PT Bisma Internusa Jaya Abadi,Jl Bisma ubud 80571,IDN
PT Personalized Business Solutions,"Rukan Sedayu Square Blok E 19, Cengkareng Barat, Jakarta Barat Jakarta 11730",IDN
Wahyu Nurrohman,Desa Sukajawa Kecamatan Bumiratu Nuban Kabupaten Lampung Tengah Lampung Tengah 34160,IDN
cv herlita digital sejahtera,bae Rt 3/5 Kudus Kudus 59317,IDN
PT Ratna Media Utama,"Gedung Tripleso Lt. 3, Jl. Mampang Prapatan Raya No.73A, RT.2/RW.1, Tegal Parang, Kec. Mampang Prapatan (Samping Hotel Maharani) Jakarta Selatan 12790",IDN
CV Palma Nusantara Sejahtera,"Jalan E No.23A Kelapa Dua, Kebon Jeruk Jakarta Barat 11550",IDN
Yesi Setiawati,"Perumahan Menara laswi No.88L, Alkayco Production bandung 40375",IDN
Ni Nyoman rini,Jalan gunung agung Denpasar bali Denpasar 80117,IDN
SMP MUHAMMADIYAH 2 CILACAP,"Jl. DAMAR NO.14 RT 01 RW 09, TRITIHKULON, CILACAP UTARA CILACAP 53233",IDN
บริษัท ไอ โซลูชั่น เซอร์วิส จำกัด,"111/123 หมู่บ้านภัทรโมทาวน์ (โครงการภัทร พาร์ค), ต.บางพูด อ.ปากเกร็ด 11120",THA
ห้างหุ้นส่วนจำกัด ธเนตรมอเตอร์,เลขที่ 127 ถ.หายโศรก ต.ในเมือง อ.เมือง จ.ร้อยเอ็ด เมืองร้อยเอ็ด 45000,THA
หจก.ไทยพัฒนสิน แมชชีนทูลส์,"246, 248, 250 ถนนกาญจนาภิเษก, แขวงบางแค เขตบางแค กรุงเทพฯ 10160",THA
บริษัท ไบร์ท มีเดีย คอร์ปอเรชั่น จำกัด,"410/87-88 ซ.รัชดาภิเษก 22, ถนนรัชดาภิเษก เขตห้วยขวาง 10310",THA
TYK Filters,"180/1 Moo 8 Suksawat 74, Prapadang 10130",THA
บริษัท ดิ เอนชานเตอร์ จำกัด,85/1-3 หมู่ที่5 ถนนราชพฤกษ์ รัตนาธิเบศร์ เมืองนนทบุรี 11000,THA
Yinyang Clinic,"999/1 Ratchada-Ramintra,rd. Klongkum, Buengkum Bangkok 10230",THA
บริษัท วิคเตอร์ บิลเล็ต จำกัด,"206/47 Soi Phatthanakan 20, Phatthanakan Road Suan Luang 10250",THA
บริษัท เคเคเค กรุ๊ป จำกัด,3 ซ.เพชรเกษม 98/1 ถ.เพชรเกษม บางแค 10160,THA
The Secret Farm,"บริษัท เดอะ ซีเคร็ต ฟาร์ม จำกัด (สำนักงานใหญ่) 1679/2, หมู่บ้าน ทาวน์ อิน ทาวน์ ซ.ลาดพร้าว 94 (ปัญจมิตร) แขวงพลับพลา เขตวังทองหลาง 10310",THA
บริษัท ซูซูกิ นวนคร จากัด,31/7 หมู่ที่13 ถนนพหลโยธิน ตำบลคลองหนึ่ง อำเภอคลองหลวง 12120,THA
Varna International,223/10 Moo 6 Bophut Koh Samui 84140,THA
บริษัท แอด ฟาสท์ อินโนเวชั่น จำกัด,200 ประชาราษฎร์ Mueang Nonthaburi 11000,THA
"Fukushima Galilei (Thailand) Co., Ltd.","16 อโศก คอร์ท ชั้น จี ห้อง 2 จี, ถนนสุขุมวิท 21(อโศก) วัฒนา 10110",THA
"Kongthep Company, Ltd.","99/4 Moo 7, Mangosteen Ayurveda & Wellness Resort Phuket 83130",THA
We Du,95 เมืองลำปาง 52100,THA
บริษัท ดับบลิวเอสเจ คอมเมิร์ซ จำกัด,74/1 ซอยพหลโยธิน 54/1 แยก4(วัดเกาะ) แขวงสายไหม เขตสายไหม กรุงเทพมหานคร 10220 สายไหม 10220,THA
ห้างหุ้นส่วนจำกัด เจริญชัย ออโต้พาร์ท,59 ถนน รัชดาภิเษก กรุงเทพมหานคร 10310,THA
Ltman Company Limited,"518/5 Maneeya Center Building 7th Floor, Ploenchit Road, Lumpini, Patumwan, Bangkok 10330",THA
Wingwow Limited,"18/370 Mu Ban Rarm Intra 71 Project 1 Alley, Bang khen 10220",THA
เด็นทัลพอยท์ คลินิกทันตกรรม สาขา 2,"153 หมู่9, เพนียดช้าง 8 บางละมุง 20150",THA
Thaicoffeeservice,68/1 Moo 4 Chiang Rak-Yai Sub-district Samkhok District 12160,THA
บริษัท แท็บ มีเดีย โซลูชั่นส์ จํากัด,"99/48 Chomplern River Loft Village, Moo 3, Rattanathibet Nonthaburi 11000",THA
เคสสกรีนออกแบบเองได้,"25, ลาดกะบัง จตุจักร 10100",THA
บริษัท อาร์คีลอน คอร์ป จำกัด (สำนักงานใหญ่),"2035/1 ซอยสุขุมวิท 77/1, ถนนสุขุมวิท เขตวัฒนา 10110",THA
IRENE COUNTRY LODGE (PTY) LTD,"Nelmapuis Drive, Irene Estate Pretoria 68",ZAF
Triple Double Media,81 Berg Street Johannesburg South 2190,ZAF
G2G Projects (Pty) Ltd,"Hornbill Road, 80 Reve de Provence Johannesburg 2191",ZAF
SOUTH AGRO EXPORTS,"27 Blyde road, Farrarmere Benoni, 27 Blyde road, Farrarmere Benoni Benoni 2000",ZAF
The Kiddie Co,"84 Voortrekker Ave, Johannesburg 1609",ZAF
ELECTRIC EGG PTY LTD,"16 Electron Street, Datavoice House Stellenbosch 7600",ZAF
Pinnacle Online (Pty) Ltd,"7 Crocker Road, Unit 1 Wadeville Worx Germiston 1428",ZAF
Dixoplex Pty (Ltd),459 section 3 Cape Town 7655,ZAF
SWELL DIGITAL Pty LTD,3 Ian Close Cape Town 7806,ZAF
Peter Machlup Fine Wristwatches (Pty) Ltd,1 River Street Johannesburg 2198,ZAF
Emesco Holdings (Pty) Ltd,"Corner of Olivenhoutbosch & Jean Avenue, Byls Bridge Office Park Centurion 157",ZAF
Elevate Rentals (Pty) Ltd,"4 Arterial Road West, 4 Germiston 2007",ZAF
CVLT,33 Homestead Road Sandton 2128,ZAF
Tkbean IT Solutions,"14th road, 58 Fountain View Midrand 1684",ZAF
Ma Mere Confections (Pty) Ltd,5 Loop Street Cape Town 7405,ZAF
keneo waste management and logistics (PTY) Ltd,4985 Modimolle Crescent Embalenhle 2285,ZAF
Cre8tive Solutions,"Unit 84, Deo Favere, Complex,, 357 Parsley Avenue Pretoria 182",ZAF
1st Canadian Visa,16 Vondel Road Cape Town 7441,ZAF
VitaminMe (Pty) Ltd,32 Fricker Road Sandton 2196,ZAF
BRBD Pty Ltd,"1 Reunion Drive, 133 Plovers Nest, Somerset Lakes Cape Town 7130",ZAF
Warehouse Finder,"Building 3, 34 Culross road, Bryanston Johannesburg 2191",ZAF
i-Arc cc,38 KUDU ROAD Ballito 4399,ZAF
Akhanani Logistics Pty Limited,"30, Cottonwood Road Port Elizabeth 6065",ZAF
Greenz Drainage,43 Killarney Avenue Cape Town 7441,ZAF
The Artist Edge - Trading as The Deckle Edge,13 Brickfield Road Cape Town 7925,ZAF
Health Plus World Medical Adviser LTD,Kiryat Hadassah 1 Ein Kerem Jerusalem 12290,ISR
"קרנות סוכנות לביטוח פנסיוני )2020( בעמ""",בולטימור עכו,ISR
"א.ב. המרכז הישראלי לעובדים זרים בעמ""",ויצמן 60 כפר סבא 4425029,ISR
EKB Technologies Ltd,"Hadadi St, 2/2 Bat Yam 5951301",ISR
ALL ART it Technology Ltd,"החרושת 6, מבנה תעשייתי נשר 3688106",ISR
Ela Expeditions Ltd.,"12 Sderot Yehudit, 1 Tel Aviv 6701614",ISR
CloudAlly Ltd,13 Zarhin Street Raanana 11111,ISR
"טרפיקו בעמ""",po box 14554 tel aviv 61144,ISR
Foxy Media Ltd,Menachem begin 37 Tel Aviv 6652612,ISR
AIR DOCTOR LTD,"Hashaked, 1 Beit Nekofa 9083000",ISR
Neclid,Hagdud Haivri 5 Ashdod 7745511,ISR
כהן יואב,"האלונים 11, דירה 4 מוצא עילית 9082000",ISR
"יעקב כהן, עוד ומגשר""","חרמון 4, 20 אור יהודה 6041909",ISR
SD INVEST LTD,184 a hanassi ben ytzhak ben zvi Hertzelya 6100000,ISR
Liron Cohen,Reichan 8 Hadera 3849251,ISR
לגנסקי בית להופעות בע״מ,"הרצל 31, מרתף נתניה 4239004",ISR
Tapuznet LTD,זרחין 10 Ra'anana 4366238,ISR
ערן לוי אגמי,"אלעד, שמעיה אלעד 48000",ISR
Faitex Furniture and Fabrics,Yeffet 185 Jaffa 6329302,ISR
דוטקום ישראל,שדרות סיני 20 חיפה 3433207,ISR
פטקין אלכסנדר,"Pal-Yam 16, floor 2 Haifa 3309523",ISR
סקובה השקעות בע״מ,dreh yafo 2 Tel aviv 6609101,ISR
ניצן סויסה שיר יזמות,אורי צבי גרינברג 17 תל אביב,ISR
Justt Fintech Ltd,10 Ibn Gabirol Street Tel Aviv 6407712,ISR
"עוד רן סיון""",בית השיטה בית השיטה 1080100,ISR
Почивка БГ ООД,Ул. Константин Фотинов 44А Бургас 8000,BGR
НаВън ЕООД,бул. Симеоновско шосе 212 София 1434,BGR
Smarkethink Ltd,Калиманци 21 София 1505,BGR
Skyshop Bulgaria Ltd.,"251 Okolovrasten pat blvd., Ring Tower, fl.6 Sofia 1715",BGR
ВИ КЛИМА ЕООД,жк. Тракия бл.100 вх. Ж Пловдив 4000,BGR
Roi Art ltd.,"679 str., 11 Sofia 1618",BGR
GL GRUP 2015 LTD,Vasil Levski 36 Dryanovo 5370,BGR
Glezko LTD,"ж.к. Захарна фабрика, бл. 126, вх. Б, ет. 4, ап. 16, бл. 126, вх. Б, ет. 4, ап. 16 софия 1345",BGR
Грийн Поинт ООД,"ул. Деян Белишки № 40-42, ет. 7, ап. 18 жк Гоце Делчев / Gotse Delchev 1404",BGR
Лингва клас ООД,"ул. \Граф Игнатиев\"" № 5",BGR
МИ ТРЕЙД Груп ЕООД,"София, бул. Джавахарлал Неру 29 София 1336",BGR
"ФЛОРАВИТ"" ООД""","ул. \Велико Търново\"" 1 Пловдив 4000""",BGR
Нутракорп ЕООД,"бул. Иван Иванов 70Б, 3 София 1303",BGR
Термо Проект Комерсиал ООД,"24та, №19А с. Бенковски 4201",BGR
АКВА ТУР БГ ЕООД,"ул. Здраве 9, ет.1, офис 3 София 1000",BGR
Фешън Зона БГ ООД,"гр.София, ж.к. \Манастирски ливади\""",BGR
Мертекс София ЕООД,"Йосиф Щросмайер, Бл 203 София 1233",BGR
Реми Делукс ЕООД,УЛ. ПАНАЙОТ ВОЛОВ 15 Войводиново 4135,BGR
Веко Пауър България ООД,"ж.к. Мусагеница, р-н Младост, бл.90, вх.7, ет.1, ап.114 София 1797",BGR
AFI Lagera Tulip EOOD,"Dobrotitsa Despot str, block 41, entrance G /building B4/, ground floor Sofia 1612",BGR
Вайръл Маркетинг ЕООД,"ж.к. Суха река, бл. 214А, ет. 12, ап. 54, 54 София 1505",BGR
Митева Груп ЕООД,Str.Pere Toshev 32 Plovdiv 4000,BGR
БулСмарт ООД,"21 Luis Eyer str., Sofia 1404 Sofia 1404",BGR
Сомниум ЕООД,"Simeon Radev Str. 27A, 14 София 1618",BGR
Рубикон Бетон ЕООД,ул. Младежка 20 Съединение 4190,BGR
ONE POINT TOURISM LLC,"Dubai, Dubai",ARE
Carian Ltd,"Office No 56, Building No Z3, Saif Suite",ARE
EV REAL ESTATE BROKERAGE L.L.C,"Palm Jumeirah, Golden Mile 1, Building 2, Mezzanine Level, Office 21",ARE
Al Amal Readymade Garments Workshop LLC,"3, Industrial Area 1, Ajman",ARE
Executive Cargo Packaging LLC,P.O.Box.185213,ARE
Get Out There FZE,Fujairah Creative Tower,ARE
Rona Rabah Dental Clinic,"Dubai Business BAY Burlington tower office 111, office 1c1 111",ARE
NOUR AL AMAL LOCKS & KEYS TRADING L.L.C,Hor Al Anz Street,ARE
ALTAF BASHIR TECHNICAL SERVICES,"M-12b Al khabeesi area deira Dubai UAE, Deira Dubai UAE",ARE
AL HAFAREEN TECHNICAL SERVICES CONTRACTING L.L.C,Al Barsha South - Prime Business Center,ARE
Seventh-day Adventist Church,SDA compound Ras Al Khaimah,ARE
شركة الفراعنة لإدارة العقارات والصيانه العامه,ابوظبي مدينة خليفه الامارات العربية المتحدة,ARE
SNTTS INVESTMENT L L C,"Al Qusais Second M 02 09, COASTAL BLDG 65 0",ARE
فلكسبل هاند للصيانة العامة,"Mussafah M45, Street No9",ARE
noor al fadha used furniture tr,"al qasimia, near qasar al sham restaurant",ARE
Abjad Vehicles Recovery,"Dubai, Dubai",ARE
DIGITANTRA FZC,"1 UAQ FTZ BUILDING, UAQ",ARE
ASD B&T Co FZE,Smart Desk 401-11- TEC,ARE
Memuvo DMCC,"MBL Residence, Retail 01, Cluster K, Jumeirah Lakes Towers",ARE
Adin technologies llc,"Dubai, Aspin commercial tower",ARE
Fixperts Contracting LLC,"Jumeirah Village Circle, Prime Business center",ARE
Aloud Properties,E504-ALshoala Building -Port saed-Deira-Dubai,ARE
Silent Theme Production FZE LLC,"A-0059-448 - Flamingo Villas, Ajman License Address المدير",ARE
PROTON MOBILE FZE,"Al Shmoohk Business Center, One UAQ",ARE
Makynat Alshr Electric household,"Dubai, Dubai",ARE
Valtek S.A.,"av marathon 1943, Ñuñoa",CHL
TE TREGUEAR LTDA,"Madamme Bolland, 519 La Cisterna 7980634",CHL
CENTRO DE ERGONOMIA Y SALUD OCUPACIONAL CESO SPA,"Arturo Prat 199, torre a oficina 1209 Concepción 4030000",CHL
Proyecto de Seguridad Industrial y Turismo Vallhala Spa,"Avenida Providencia 2237, Local P65 Providencia 7510089",CHL
Ad Audiovisual Y Diseño Spa,"Avenida Nueva Providencia 1208, 1603 Providencia 7500571",CHL
Prestación de Servicios Yogaurbano Ltda,"Avenida Providencia 1650, 710 Providencia 7500027",CHL
Pontificia Universidad Católica de Chile,"Avda. Vicuña Mackenna 4860, Macul Macul 7820436",CHL
cobrexchile Spa,"calle el sauce 332, villa las aralias Padre Hurtado 9710000",CHL
Zabaleta y Compañía SpA,"Paseo Ahumada 254, of. 808 Santiago 1030000",CHL
Assurance Group Chile SpA,"Avenida Ventisquero 1204, Bodega 93, 93 Renca 8640193",CHL
BIUTIKA SPA,"LOS DOMINICOS 8630, 709 Las Condes 7571892",CHL
Equipaje Urbano Chile S.p.A.,"Santa Lucia 330, 1 Santiago 8320000",CHL
ODONTOESTETICA LAS LOICAS SPA,Pasaje Las Loicas 4129 Coquimbo 1780000,CHL
Jardin Austral Spa,"Los laures o75, isla teja, piso 2 Valdivia 5110026",CHL
Sergio Esteban López Medina,Manzanilla 0427 Colina 9351907,CHL
Sociedad Sabino,Calle Huemul Puerto Varas 5550000,CHL
Clean Expert Limpieza Integral SpA,"Avenida Américo Vespucio 301, Oficina 301-02 Conchalí 8560027",CHL
Consultora G7 SPA,Diego de Velásquez 2079 Providencia 7500000,CHL
MG Comunicación Global Limitada,"Avenida Presidente Kennedy 7500, Oficina 303 Vitacura 7650618",CHL
TECNOLOGÍAS SALUDANDO SpA,"El Bosque Norte 500, 1102 Las Condes 7500000",CHL
O3 Comunicaciones,9 norte 1288 Talca,CHL
Eco Fusion Spa,"Vital Apoquindo 1690 Blok A9 dpto 305, blok a9 dpto 305 Las Condes 7600622",CHL
Procesadora WB spa,"Coronel de la Quintana 343, Independencia Independencia 8380000",CHL
PopCorp SpA,"Santa Victoria 562, 204 Santiago 8330394",CHL
RF CAPITAL SPA,"Apoquindo 7935, Torre A, 301 Las Condes 7550000",CHL
ΙΩΑΝΝΗΣ ΝΤΙΝΑΣ,"ΘΟΥΚΥΔΙΔΟΥ 45, ΑΓΙΟΣ ΔΗΜΗΤΡΙΟΣ ΑΘΗΝΑ 17343",GRC
ΚΟΥΝΤΟΥΡΟΥΔΗ ΑΝΑΣΤΑΣΙΑ,18 ΧΙΛ ΘΕΣΝΙΚΗΣ ΜΟΥΔΑΝΙΩΝ ΘΕΣΗ ΦΑΡΜΑΚΕΙΚΑ ΘΕΡΜΗ 57001,GRC
ANEL A.E,ANAGENNISEOS 20 THESSALONICA 54627,GRC
ΜΟΤΟΔΙΚΤΥΟ Α.Ε.,Germanikís Scholís 10 Marousi 151 23,GRC
ΑΡΙΣΤΕΙΔΗΣ ΤΣΟΥΜΠΟΣ ΚΑΙ ΣΙΑ ΕΕ,Χαριλάου Τρικούπη 3 Ιωάννινα 45332,GRC
DigitalUp IKE,"Voukourestiou 21 and Valaoritou, ATHENS Kolonaki 10671",GRC
ΧΑΣΠ ΕΛΛΑΣ Α.Ε.,"ΙΔΗΣ 6 & ΠΛ.ΕΛΕΥΘ.ΒΕΝΙΖΕΛΟΥ, ΗΡΑΚΛΕΙΟ ΚΡΗΤΗΣ ΗΡΑΚΛΕΙΟ ΚΡΗΤΗΣ 71201",GRC
«ΝΙΚΟΛΑΟΣ ΓΙΑΝΝΑΚΟΠΟΥΛΟΣ Ανώνυμος Εισαγωγική και Εξαγωγική Εταιρεία Μονωτικών και Στεγανοποιητικών Υλικών πάσης φύσεως Α.Ε.,Αγίου Αθανασίου 37 Άνοιξη 14569,GRC
ΚΟΙΝΟΠΡΑΞΙΑ ΠΛΟΙΩΝ ΚΕΡΚΥΡΑΣ (KERKYRA LINES),"ΑΚΤΗ ΜΙΑΟΥΛΗ 25, ΕΛΕΥΘΕΡΙΟΥ ΒΕΝΙΖΕΛΟΥ 46 Α ΠΕΙΡΑΙΑΣ 18535",GRC
Basis Consumables LP,"Kapetan Eukleidi 7, PO 2206 Oraiokastro, Thessaloniki 57013",GRC
ΝΙΚΟΛΑΟΥ ΕΥΑΓΓΕΛΙΑ,"ΑΙΤΩΛΙΚΟΥ 78, ΠΕΙΡΑΙΑΣ ΠΕΙΡΑΙΑΣ 18545",GRC
PC-Bonus,Πατούσα 3 & Σόλωνος Αθήνα 106 77,GRC
ΠΑΠΟΥΤΣΑΝΗΣ ΙΩΑΝΝΗΣ,P. Kountiourioti 47G Mytilene 81100,GRC
ACCESS ABEE,6klm HARILAOU - THERMIS THESSALONIKI 57001,GRC
Σαμαρίδου Σοφία,"ΕΛΑΙΟΧΩΡΙ, ΚΑΒΑΛΑΣ Νέα Πέραμος Καβάλας 64007",GRC
ΒΑΣΙΛΑΚΗΣ,ΒΙΚΤΩΡΟΣ ΟΥΓΚΩ 17 Chania 73132,GRC
Εραλίδη Κυριακή,"Λ.ΑΛΕΞΑΝΔΡΑΣ 2 ΑΘΗΝΑ, Αγιας παρασκευης 149 Αχαρναι Αττικης Αχαρναι 13671",GRC
CH THEATER ΜΟΝΟΠΡΟΣΩΠΗ Ι.Κ.Ε,Βεΐκου 139 Γαλάτσι 11146,GRC
ΦΩΤΕΙΝΟΠΟΥΛΟΣ ΕΥΑΓΓΕΛΟΣ ΚΑΙ ΣΙΑ ΕΕ,Αγίου Γεωργίου 103 ΠΥΡΓΟΣ 27131,GRC
ΣΙΟΝΤΗΣ Ν. ΑΕ,ΒΛΑΧΛΕΙΔΗ ΚΑΙ ΠΟΥΤΕΤΣΗ ΙΩΑΝΝΙΝΑ 45332,GRC
Prime Biosciences P.C.,Lemesou 18 Agios Dimitrios 17341,GRC
Marinopoulos Simvouloi Epixeiriseon S.A,"63, Ag. Dimitriou Street Alimos 17476",GRC
FITNESS AND WELLNESS INNOVATION IKE,"KIFISIAS STREET, KATECHAKI & ADRIANEIOU Athens 11525",GRC
ΜΟΥΣΤΑΚΗΣ ΔΑΛΙΑΝΟΥΔΗΣ ΙΔΙΩΤΙΚΟ ΙΑΤΡΕΙΟ ΙΚΕ,ΑΚΑΔΗΜΙΑΣ 8 ΑΘΗΝΑ 10671,GRC
ΜΑΡΙΑ Γ. ΣΤΑΘΟΥΡΑΚΗ,"ΚΩΝΣΤΑΝΤΙΛΙΕΡΗ 39-43, ΒΥΡΩΝΑΣ ΑΤΤΙΚΗ 16231",GRC
Goldmoney Inc.,334 Adelaide St W #305 Toronto M5V 1R4,CAN
BOUTIQUE MONT-GARCEAU INC.,190b Chem. du Lac Blanc Saint-Donat-de-Montcalm J0T 2C0,CAN
Fulcrum Construction Limited,896 Bessy Trail Milton L9T 0A6,CAN
Peach Marketing Inc,680 Champlain St Dieppe E1A 1P5,CAN
Groupe Financier Stratège inc.,912 Grande Allée O Québec G1S 1C5,CAN
Pacific Coastal College Of Massage Therapy,1152 Mainland St #430 Vancouver V6B 4X2,CAN
Vo's Smart Marketing Inc.,3027 E 29th Ave Vancouver V5R 1V9,CAN
1337843 BC LTD,15355 24 Ave Surrey V4A 2H9,CAN
CLEANBOOK,7-27 Grenadier Ct St. Catharines L2M 4R8,CAN
NOBSCO Inc.,1862 Bathurst St #605 Toronto M5P 3K8,CAN
L2B Inc.,428 Rue des Érables Laurier-Station G0S 1N0,CAN
Monet Brands Inc.,7947 209 St #93 Langley V2Y 0Y6,CAN
Sachin Sharma Productions Inc,190 Forum Dr Unit 55 Mississauga L4Z 3Y2,CAN
Latitude Consulting Inc.,2 Glamis Ave Toronto M6N 4H4,CAN
Save Max Real Estate Inc,6755 Mississauga Rd #304 Mississauga L5N 7Y2,CAN
Jacobs Trading Ye Olde Rock Shop,1600 Regent Ave W Unit 11 Winnipeg R2C 3B5,CAN
9458-9405 Quebec Inc,2540 Bd Daniel-Johnson suite 212 Laval H7T 2S3,CAN
WaveIn Inc operating as ChargeAutomation,20 John St #223 Toronto M5V 0G5,CAN
Government of Prince Edward Island Department of Health and Wellness,11 Kent St Charlottetown C1A 7N8,CAN
McDonough Manufacturing Canada Ltd.,1046 NB-105 Mactaquac E6L 1B3,CAN
14445902 Canada Inc.,33038 Old Riverside Rd Abbotsford V2S 7B3,CAN
Groupe Falco inc. / Intempery,8512 Rue Choquette Saint-Léonard H1R 2Z6,CAN
First Nations Auto Credit,3907-10310 102 St NW Edmonton T5J0K5,CAN
Dr. Shane Seal Institute,8 Rowan St Suite 300 St. John's A1B 2X1,CAN
STEFANIZZI VALUATION & FINANCIAL ADVISORY INC.,207 Northern Ave E Sault Ste. Marie P6B 4H9,CAN
GETRYT TECHNOLOGIES PRIVATE LIMITED,"MGR Nedunchalai, Perungudi Chennai, Kanchipuram District, CeeDeeYes Tyche Tower, Ground Floor No.2 Chennai 600096",IND
Ish Cybersolutions Pvt. Ltd.,"251, Block B, 3rd floor, Rohini New Delhi 110085",IND
imitation world,"kolkota, NORTH MALL 4TH FLOOR KOLKATA 700055",IND
Aqua Care Hi-Tech System,"GROUND FLOOR, NO.16A, SHASTRI NAGAR MAIN ROAD, ADAMBAKKAM CHENNAI 600088",IND
JAISAL TOURS,NEAR FORT ROAD SODHA GROUP JAISALMER JAISALMER 345001,IND
MAYURI KUMKUM LIMITED,"Sr.No.36, H No-12,, Building No.03, Gurukrupa Developers Indl Estate, Waliv Road, Dhumal Nagar, Vasai East, Palghar, Palghar 401208",IND
Fintech IT Solutions LLP,"Software Technology Parks of India, CYB-1, Cyber Park, HIA, Jodhpur Jodhpur 342003",IND
Sahayak Associates,"Plot No. 182/3, Industrial Area, Phase-01 Chandigarh 160002",IND
FACTOTUM TECHNOLOGIES PRIVATE LIMITED,"Second Floor, 5179, HIGH TENTION ROAD SECOND STAGE, VIJAYANAGARA, Mysore 570017",IND
SHIVA SHAKTHI ENTERPRISES,"No 12/69 Paramanandham street, Sevenwells Chennai 600001",IND
SARANG ENTERPRISE,"B-8, ADARSH NAGAR SOCIETY,, VARACHHA, SURAT, Surat 395006",IND
OPOLI TECHNOLOGIES PRIVATE LIMITED,"SCO 213 Sector 40 D, Chandigarh Chandigarh 160036",IND
Eljay Agencies,"I St Floor, Shop No.15,, Rainbow Plaza,, No.68, Purasawalkam High Road,, Chennai., Chennai, Tamil Nadu, 600007 Chennai 600007",IND
Diksha Transport Corporation Packers & Movers,18A Kali Mata Mandir Road Near Cambridge international school Nalapara Guwahati 781034,IND
TECHNOGIQ IT SOLUTIONS PRIVATE LIMITED,E-1/50 Arera Colony Bhopal 462016,IND
Hayaansh Business Enterprise,"5-7-71,GNT Road Sullurpeta 524121",IND
Zoaxy Consulting,"Plot No 512, MAHAVIR NAGAR, MAHABHOI SASAN BHUBANESWAR 751002",IND
Kisalay Commerce Classes Prayagraj (Allahabad),"147-A/1 Tagore Town Near Bansi Bhawan, Allahabad Allahabad 211002",IND
Samskriti Tours & Travels,"Sarvey No.17/1A, Bada Kanshirada Village, , Kogilban road, dandeli 581325",IND
Riseup Infotech,"4, B-403, DEEP KAMAL-2,SARTHANA JAKATNAKA ROAD, NEAR ZOO SARTHANA Surat 395006",IND
Five Online Web Solutions Pvt Ltd.,"Senapati Bapat Marg, B 307, Naman Midtown Mumbai 400013",IND
Shri Badri Hospitalities,"143/3, 143/IP2, Someshwara Agrahara Road, Kukke Subramanya, Dakshina Kannada Kukke Subramnaya 574239",IND
"Om kala sanskritik kendra, halarna, pernem",parabwada Alorna 403503,IND
Ayubal Kart,"c9/63, Rohini sector 8 Rohini 110085",IND
Kabir designer boutique,"B-128c street no. 6 Hardev Puri, Near Indian Bank Shahdara 110093",IND
Timetech Pty Ltd,21/47 Third Ave Blacktown 2148,AUS
Rory Kinsella,15a Lasseter Ave Chifley 2036,AUS
AKT SERVICES SYDNEY,14 Donohue St Kings Park 2148,AUS
Danielle Sancha Ann Klein,1C Kyle St Glenside 5065,AUS
Embody Women,52 Church St Dubbo 2830,AUS
The Leisures Shoe Company PTY LTD,19 Collins Rd St Ives 2075,AUS
F.I.T. TRAVEL AUSTRALIA PTY LTD,19 Cartagena Ln Coombabah 4216,AUS
The Australian Academy of Media,7 Bugle Cct Kellyville 2155,AUS
Notchup Marketing,92 Summerfield Ave Quakers Hill 2763,AUS
Core & Capacity Disability Support,2112/18-38 Main St Beenleigh 4207,AUS
Flexible Supportive Plan Management,2 Longden St Brinsmead 4870,AUS
Webster Electrics Pty Ltd,216 Warragul-Lardner Rd Warragul 3820,AUS
Awakened Soul Productions,62 Hopping Rd Ingleburn 2565,AUS
JRC Professional Bookkeeping,44 The Elms Blvd Kilmore 3764,AUS
SMS Gas Installations,Level 5 63 Pirie Street Adelaide 5000,AUS
Ace gentlemans club,4/27 Ace Cres Tuggerah 2259,AUS
KKA Auto Glass Specialists,42 Essendon St Saint Johns Park 2176,AUS
Rainbow Kids Yoga PTY LTD,670 Wilsons Creek Rd Wilsons Creek 2482,AUS
For the love of Fridays,67 Buchanan Rd Berwick 3806,AUS
Reach Alternatives IM Pty Ltd,level 8/11 York St Sydney 2000,AUS
Car and Metal Field Pty Ltd,281 Princes Hwy Kembla Grange 2526,AUS
advertising agency,SUITE 603/95-99 York St Sydney 2000,AUS
Growth Labs Australia,12 Wentworth St Port Kembla 2505,AUS
Movement Assessment Technologies Pty Lty,1/296 Charman Rd Cheltenham 3192,AUS
Liquid Ascent Investment Trust T/A Skin Spa,2/20 Stewart Rd Ashgrove 4060,AUS
"TOP GAME GROUP, s.r.o.",Povstania 8 Topoľčany 955 01,SVK
"MLongauer, s.r.o.","Farská, 12 Nitra 94901",SVK
Contas s.r.o.,Karpatská 18 Bratislava 811 05,SVK
"Chilli Peppers, s.r.o.","Sasinkova, 48 Piešťany 92101",SVK
"DSI DATA, a. s.",A.Bernolaka 377 Namestovo 2901,SVK
H21 lab s.r.o.,Kopčianska 10 Bratislava 85101,SVK
PROFI one spol. s r.o.,Pluhová 66 Bratislava 83103,SVK
ALTEVITA s.r.o.,nam. Slobody 10 Piestany 92101,SVK
DrevoDed s.r.o.,Trieda SNP 94 Kosice 4011,SVK
flexity s.r.o.,"Luda Zubka 2, 2 Bratislava 84101",SVK
TitanTrading s.r.o.,"Hollého 3, 3 Sabinov 8301",SVK
"Queedo, s.r.o.","Guothova, 15 Bratislava 831 01",SVK
"Somnium, s.r.o.","Romanova, 35 Petržalka 85102",SVK
B-commerce Group s. r. o.,Duklianska 16 Bardejov 085 01,SVK
Health Brands s.r.o.,Dlouhá 132/1 Říčany Praha - východ 251 01,SVK
3KMI s.r.o.,Podjazdová 5 Prievidza 971 01,SVK
"Jewellery SK, s.r.o.",Mozartova 11 Trnava 917 08,SVK
AbsolutSecurity Slovakia s. r. o.,Stará Vajnorská 37 Bratislava - mestská časť Nové Mesto 831 04,SVK
Koloria CZ s.r.o.,"Lidická 700/19, Veveří Brno 60200",SVK
MIPART s.r.o.,Sídlisko 169/49 Tvrdošín 027 44,SVK
"Arvin & Benet, s.r.o.",Záhradnícka 30 Bratislava 821 08,SVK
Juraj Ďurčo Had Trade,"M.R.Stefanika, 48/21 Banovce nad Bebravou 95701",SVK
BERSICOMP s.r.o.,"Bartošovce, 200 Bartošovce 8642",SVK
Zoltán Haris-HZ,Tulipánová 35 Nesvady 94651,SVK
inComputer.sk s.r.o,Blumentálska 2727/19 Bratislava 811 07,SVK
Aska Sykes Ltd,14D Grants Avenue Greenogue Business Park D24 XK54,IRL
Adrenalin Limited,Maiden St Newcastle West,IRL
DDS Architecture Ltd,"Docklands Innovation Park, East Wall Road, Unit 14.1.2 Dublin 3 D03Y0T4",IRL
JH Fitzpatrick Ltd,"New Lodge Cross, Kildare Road Monasterevin W34 TN97",IRL
Adapted Living,"Ballycarron, Golden Cashel E25T625",IRL
Nature's Water Ltd,62-63 Anne Street Dundalk A91 FD45,IRL
Beauty Features Ltd,"Unit 4 Ballywaltrin Busin, Boghall Rd Bray A98 RF25",IRL
BrandAmp Limited,"Lisheen Cross, Ballynacally, Ballynacally, Ballynacally Lisheen Cross V95 WNE2",IRL
FLY media,16 Lioscian Swords K67 HD60,IRL
Oci,"Toureen, Bealadagan Galway",IRL
Solarstream Limited,"Enterprise house, O'Brein Road Carlow Town R93YOY3",IRL
ASOC Innovation Limited,Abbeyfield Farm Clane W91 T384,IRL
"Prevention Is Better, LTD","22 Oak Lawn, Pearse Rd Sligo F91 Y6N4",IRL
Carpenters Kitchens and Bathrooms,Cross Street Kells A82 E2H2,IRL
Declan Fennelly,27 Monastery Heath Green Clondalkin D22 WD29,IRL
Guardwell Lock & Safe Co Ltd,"Unit 8, Link Road Business Park Ballincollig P31 DC58",IRL
Sligo Supply Centre Ltd,Ballast Quay Sligo F91 H6NF,IRL
Wild Atlantic Living,Frances Street Kilrush V15 CH68,IRL
Kilmeric Ltd t/a Lorimat,"Lorimat, 1st Floor 24 Patrick Street Kilkenny R95 FNY8",IRL
patsafelimited,65 Newcastlemanor square Dublin,IRL
Puppets Ireland,Derryclare Summerhill A83 P863,IRL
CARRIGALINE FURNITURE & CARPET CENTRE LIMITED,"Old Pottery Complex, Main Street Carrigaline P43 FF97",IRL
MCG Auto-Styling Limited,Castle Street Kells A82 X433,IRL
Rehabilitation and Performance Initiative Dublin Limited,"Unit 3, Beechlawn Industrial Complex, Greenhills Road Walkinstown D12 XE43",IRL
Borris House Events,Borris House Borris R95 W983,IRL
Matriks Bilgi Dağıtım Hizmetleri A.Ş.,"İZZET PAŞA MAH. YENİ YOL CAD. NO: 3 İÇ KAPI NO: 125, Nurol Tower, Kat:18 Ofis 1808 ŞİŞLİ 34381",TUR
ALTEREGO TURİZM SEYAHAT TİCARET LİMİTED ŞİRKETİ,"Alsancak Mahallesi Atatürk Caddesi, No:336/4 Onart Apt, 35220 Konak/İzmir Konak 35250",TUR
Mustafa Uzun,Atilla Eşer Caddesi 51/a Etimesgut 6794,TUR
Fantom Ayakkabı Tekstil Sanayi ve Ticaret Ltd.Şti.,"Yıldız Mah. Çırağan Cd, No:73/A Beşiktaş 34349",TUR
Ayşe Çayır,soğanlı mah. site sok. no:8/A Bahçelievler 34183,TUR
KERİM MEŞE,"Mahmutbey, istoç, 37. Yol Sk. no : 40, 34218 Bağcılar/İstanbul, Bağcılar / İstanbul / Türkiye Bağcılar 34218",TUR
Sinan Yılmaz,Sultaniye Mah. Doğan Araslı Blv. 350. Sk. No:1 Kat:5 İç Kapı No:70 Esenyurt 34510,TUR
Hasan İNAN,Yeni Mahalle Nalbant Caddesi No. 8/2 GEREDE 14900,TUR
O Medya Grup,Piri Paşa Mah. Fıstıklı Bahçe Sok. No:14 Beyoğlu Marmara 34100,TUR
Sinan Yılmaz,Sultaniye Mah. Doğan Araslı Blv. 350. Sk. No:1 İç Kapı No:70 Esenyurt 34510,TUR
SEHER ÇELİKKOL- ÇELİKKOL SİGORTA ARA.HİZ.,MERKEZ MAH.1 SOK. NO:1 D:8 GÖLCÜK /KOCAELİ TÜRKİYE 41000,TUR
Otorapor Araç Muayene ve Ekspetiz Hizmetleri Sanayi ve Ticaret A.Ş.,Küçük Çamlıca Mah. Libadiye Cad. No:76/A Marmara Bölgesi 34696,TUR
SMYDIŞ TİCARET LİMİTED ŞİRKETİ,"HAMİDİYE MAH. MENEKŞE SK. NO: 6 A İÇ KAPI NO: 1 ÇEKMEKÖY/ İSTANBUL, 6 D.NO:1 CEKMEKOY 34408",TUR
op.dr.ibrahim kasapoğlu,"ovacık mahallesi ankara caddesi no:18/4, Bağbaşı iş merkezi kat:2 no:4 Ankara caddesi 71990",TUR
MV OPTİONS ENERJİ ÖLÇME VE DOĞRULAMAMÜHENDİSLİK YAZILIM HİZMETLERİ,"Maslak Mh. Ahi Evran Cd., No:6 Maslak 42 Plaza D:546 Sarıyer 34485",TUR
EDNR DEMİR YANGIN KAPILARI,"Cevizlik mah. ebuziya cd., akhan no:1 BAKIRKÖY 34104",TUR
OFM Özçelik Özel Sağ. Hiz. Tic. San. A.Ş.,Eski Gazipaşa Caddesi No:3 Alanya 7460,TUR
Dr. Ali Rıza Öreroğlu,"Maçka Cd. No: 24/28 Narmanlı Apt. Teşvikiye, Nişantaşı Şişli 34367",TUR
Moda Turizm Seyahat Acentası,"Bağlarbaşı Mah. Bağdat Cad. Güven İş Merkezi No:415/61, Maltepe Maltepe 34959",TUR
ETG Express Kargo Turizm Bilişim İth. İhr. San. ve Tic. A.Ş.,Yenigöl Mah. Filiz Sok no: 79 Antalya 7260,TUR
Fors BilişiM yazılıM Donanım Otomasyon ve Arge Hiz San Tic Ltd Şti.,Yeni Mah Asik Veysel Bulvari Erciyes Universitesi Teknopark 4 Kat 2 No 60 Melikgazi 38130,TUR
Çağlar Helvacıoğlu,"BARBAROS MAHALLESİ UPHILL TOWERS, B Blok, KAT:28 Ataşehir 34750",TUR
Zülküf Kamer,"TÜRKALİ MAHALLESİ MISIRLIBAHÇE SOKAK NO:11/A BEŞİKTAŞ İSTANBUL, NO 11 / A BEŞİKTAŞ 34357",TUR
WimbleSoft,"Arabacıalanı Mah. 505.Sk. No:3/2, Özlem Evler 7.Blok A Girişi Daire 2 Serdivan 54050",TUR
300 K TEKNOLOJİ A.Ş.,"Çifte Havuzlar Mh. Eski Londra Asfaltı Cd., Kuluçka Mrk. A1 Blok No:151/1C İç Kapı No: B01 Esenler 34220",TUR
مشكاتي للتجارة,الرياض،التعاون،عثمان بن عفان ، 12476 الرياض 12476,SAU
موسسة زايد بن حمد بن هويمل للمقاولات,"الصداوى,الصدواى,الرياض الرياض 12788",SAU
ماهر عبود ابراهيم السالم,"العنوز , الخالديه, 2 الرياض 12874",SAU
مؤسسة مدينة التقنية للتسويق,جدة جدة 22242,SAU
مؤسسة أبواب الشرق,"شارع الملك خالد, الرياض الخرج 16271",SAU
مؤسسة على ناصر حسن جربين للمقاولات,البغداديه حي الشرفيه - جدة - السعودية جده 22235,SAU
مؤسسة الخير الصاعد للنقل البري,"مكة المكرمة, العزيزية مكة 21955",SAU
يحى ابراهيم عنبرى,الامير سلطان بن عبد العزيز ،حى الباديه الدمام 32243,SAU
شركة الراجح الحديثة للمقاولات المحدودة,كهرباء جده,SAU
مؤسسة كسوة قماش التجارية,"الأمام الشافعي الرياض (Riyadh, Saudi Arabia) 14224",SAU
شركة الاهرامات الاحترافية للتجارة شركة شخص واح,7817 سمرما، النزهة،3413 جدة 23534,SAU
مؤسسة ربط المتقدمة لتقنية المعلومات,"طريق الملك فهد فرعي ، حي مشرفة, عمارة مكة بلازا الدور الرابع مكتب رقم 10 جدة 23332",SAU
مؤسسة خطة الطيران للسفر والسياحة,الطائف الطائف 26511,SAU
مؤسسة مطلق مجرشى لتنجيد الاثاث,"وادى حنيفة, حى الدار البيضاء 7990 الرياض 14518",SAU
موسسة ركن المقباس للمقاولات,"ش مطاوى, الفيصليه الرياض 13223",SAU
مؤسسة ليلتي الذهبية للعبايات النسائيه,عمر ابن محمد النجاري الرياض 14233,SAU
شركة صالة الاطباء الطبي,الرياض حي الياسمين الرياض 11233,SAU
Bhr Solutions LLC,8533 Al Madinah Al Munawarah Jeddah 23442,SAU
مركز أوشن الرياضي,"طريق الملك عبدالعزيز, مقابل السد ابها 62521",SAU
مؤسسة دريم كول للتبريد والتكييف,ابو اسحاق الهجري، حي بئر عثمان المدينة المنورة 42331,SAU
مؤسسة العزل المعتمد للمقاولات,"الرياض العليا, الرياض الرياض 11461",SAU
مطابع لانا الوطنية للطباعة,"الفرزدق, البطحاء الرياض 11563",SAU
تيسير المسارات للدعايه والاعلان,"الرياض, 18 الرياض 12211",SAU
مؤسسة فجر نوافـ صناطح العنزي للتبريد والتكبيف,جدة جدة 22230,SAU
مؤسسة زجاجي للسيكوريت والمرايا,الصناعيه القديمه الرياض 12871,SAU
